Classifier,Methods,Accuracy,Precision,Recall,F1Score
LogisticRegression,CountVectorizer,53.333333333333336,66.66666666666666,53.333333333333336,47.407407407407405
KNeighborsClassifier,CountVectorizer,46.666666666666664,41.51515151515151,46.666666666666664,40.49910873440285
DecisionTreeClassifier,CountVectorizer,46.666666666666664,76.29629629629629,46.666666666666664,50.62626262626263
RandomForestClassifier,CountVectorizer,53.333333333333336,65.12820512820512,53.333333333333336,46.00389863547758
AdaBoostClassifier,CountVectorizer,40.0,69.52380952380952,40.0,45.35612535612535
GradientBoostingClassifier,CountVectorizer,40.0,37.878787878787875,40.0,35.79322638146168
MultinomialNB,CountVectorizer,46.666666666666664,51.11111111111111,46.666666666666664,43.66666666666667
BernoulliNB,CountVectorizer,40.0,16.000000000000004,40.0,22.857142857142858
